learning_rate,gamma,avg_val_final_wealth,avg_val_sharpe,avg_val_max_drawdown
0.1,0.7,1.8601906064762415,0.9042588658191779,-0.26758166732448785
0.1,0.3,1.856883060272215,0.9019089504250106,-0.2677325533004924
0.5,0.7,1.8545577623245304,0.9001494135531454,-0.26787691547404247
0.5,0.3,1.8385906925165183,0.8886287533647554,-0.26862272288449274
