algorithm,window_size,alpha,corr_threshold,final_wealth,exp_growth,sharpe
anticor,3,2.0,0.5,36.8859851474374,0.0011950419584628323,1.186175542631394
anticor,3,1.5,0.5,36.88463292069225,0.0011950298152674723,1.1861678258575852
anticor,3,2.0,0.4,35.57066762236143,0.0011830146919636069,1.1766406413924149
anticor,3,1.5,0.4,35.56912587192777,0.0011830003348095085,1.1766306776507762
anticor,5,1.5,0.4,28.51482449590804,0.0011097794335179247,1.1075290054958065
anticor,5,2.0,0.4,28.515199157676115,0.0011097837856564405,1.1075223649692474
anticor,5,2.0,0.5,28.50237325881477,0.0011096347651695195,1.1071506517792256
anticor,5,1.5,0.5,28.50120322373493,0.0011096211675257035,1.107149679113166
