algorithm,window_size,alpha,corr_threshold,final_wealth,exp_growth,sharpe
anticor,3,2.0,0.5,36.8859851474374,0.0011950419584628323,1.0175167368020333
anticor,3,1.5,0.5,36.88463292069225,0.0011950298152674723,1.0175084746432068
anticor,3,2.0,0.4,35.57066762236143,0.0011830146919636069,1.0078014175992969
anticor,3,1.5,0.4,35.56912587192777,0.0011830003348095085,1.007790960349976
anticor,5,1.5,0.4,28.51482449590804,0.0011097794335179247,0.9397317700422653
anticor,5,2.0,0.4,28.515199157676115,0.0011097837856564405,0.9397272598315144
anticor,5,2.0,0.5,28.50237325881477,0.0011096347651695195,0.9394129408199777
anticor,5,1.5,0.5,28.50120322373493,0.0011096211675257035,0.9394097502241002
