algorithm,window_size,epsilon,eta,final_wealth,exp_growth,sharpe
rmr,7,1.0,20.0,11.604418142350905,0.0008119860549647878,0.9249419001192871
rmr,7,1.0,30.0,10.533506337635995,0.000779914294882077,0.9178234318010895
rmr,7,1.0,10.0,12.981325609601123,0.0008491261454618223,0.9112903199466924
